-- phpMyAdmin SQL Dump
-- version 5.2.1
-- https://www.phpmyadmin.net/
--
-- Host: 127.0.0.1
-- Generation Time: Jun 13, 2023 at 09:59 AM
-- Server version: 10.4.28-MariaDB
-- PHP Version: 8.2.4

SET SQL_MODE = "NO_AUTO_VALUE_ON_ZERO";
START TRANSACTION;
SET time_zone = "+00:00";


/*!40101 SET @OLD_CHARACTER_SET_CLIENT=@@CHARACTER_SET_CLIENT */;
/*!40101 SET @OLD_CHARACTER_SET_RESULTS=@@CHARACTER_SET_RESULTS */;
/*!40101 SET @OLD_COLLATION_CONNECTION=@@COLLATION_CONNECTION */;
/*!40101 SET NAMES utf8mb4 */;

--
-- Database: `scheduling`
--

-- --------------------------------------------------------

--
-- Table structure for table `calendar_event_master`
--

CREATE TABLE `calendar_event_master` (
  `event_id` int(11) NOT NULL,
  `event_name` varchar(255) DEFAULT NULL,
  `event_start_date` date DEFAULT NULL,
  `event_end_date` date DEFAULT NULL
) ENGINE=InnoDB DEFAULT CHARSET=latin1 COLLATE=latin1_swedish_ci;

-- --------------------------------------------------------

--
-- Table structure for table `cys`
--

CREATE TABLE `cys` (
  `cys_id` int(11) NOT NULL,
  `cys` varchar(20) NOT NULL
) ENGINE=MyISAM DEFAULT CHARSET=latin1 COLLATE=latin1_swedish_ci;

--
-- Dumping data for table `cys`
--

INSERT INTO `cys` (`cys_id`, `cys`) VALUES
(1, 'BTECH '),
(2, 'MBA'),
(3, 'MA');

-- --------------------------------------------------------

--
-- Table structure for table `dept`
--

CREATE TABLE `dept` (
  `dept_id` int(11) NOT NULL,
  `dept_code` varchar(10) NOT NULL,
  `dept_name` varchar(100) NOT NULL
) ENGINE=MyISAM DEFAULT CHARSET=latin1 COLLATE=latin1_swedish_ci;

--
-- Dumping data for table `dept`
--

INSERT INTO `dept` (`dept_id`, `dept_code`, `dept_name`) VALUES
(8, 'CSE', 'Computer Science Engineering'),
(7, 'Mech', 'Mechanical Engineering');

-- --------------------------------------------------------

--
-- Table structure for table `designation`
--

CREATE TABLE `designation` (
  `designation_id` int(11) NOT NULL,
  `designation_name` varchar(100) NOT NULL
) ENGINE=MyISAM DEFAULT CHARSET=latin1 COLLATE=latin1_swedish_ci;

--
-- Dumping data for table `designation`
--

INSERT INTO `designation` (`designation_id`, `designation_name`) VALUES
(67, 'Faculty'),
(66, 'Dean');

-- --------------------------------------------------------

--
-- Table structure for table `exam_sched`
--

CREATE TABLE `exam_sched` (
  `sched_id` int(11) NOT NULL,
  `time_id` int(1) NOT NULL,
  `day` varchar(50) NOT NULL,
  `member_id` int(11) NOT NULL,
  `subject_code` varchar(50) NOT NULL,
  `cys` varchar(15) NOT NULL,
  `room` varchar(15) NOT NULL,
  `remarks` varchar(50) NOT NULL,
  `settings_id` int(11) NOT NULL,
  `cys1` varchar(10) NOT NULL,
  `term` varchar(10) NOT NULL,
  `encoded_by` int(11) NOT NULL
) ENGINE=MyISAM DEFAULT CHARSET=latin1 COLLATE=latin1_swedish_ci;

--
-- Dumping data for table `exam_sched`
--

INSERT INTO `exam_sched` (`sched_id`, `time_id`, `day`, `member_id`, `subject_code`, `cys`, `room`, `remarks`, `settings_id`, `cys1`, `term`, `encoded_by`) VALUES
(1, 41, 'first', 177, 'ALG', 'BTECH', '101', '', 12, '', 'Midterm', 27),
(2, 54, 'first', 177, 'ALG', 'BTECH', '101', '', 12, '', 'Midterm', 27),
(3, 58, 'first', 177, 'ALG', 'BTECH', '101', '', 12, '', 'Midterm', 27),
(4, 51, 'second', 177, 'ALG', 'BTECH', '101', '', 12, '', 'Midterm', 27),
(5, 53, 'second', 177, 'ALG', 'BTECH', '101', '', 12, '', 'Midterm', 27),
(6, 55, 'second', 177, 'ALG', 'BTECH', '101', '', 12, '', 'Midterm', 27),
(7, 57, 'second', 177, 'ALG', 'BTECH', '101', '', 12, '', 'Midterm', 27),
(8, 52, 'third', 177, 'ALG', 'BTECH', '101', '', 12, '', 'Midterm', 27),
(9, 56, 'third', 177, 'ALG', 'BTECH', '101', '', 12, '', 'Midterm', 27);

-- --------------------------------------------------------

--
-- Table structure for table `faculty`
--

CREATE TABLE `faculty` (
  `id` int(30) NOT NULL,
  `id_no` varchar(100) NOT NULL,
  `firstname` varchar(100) NOT NULL,
  `middlename` varchar(100) NOT NULL,
  `lastname` varchar(100) NOT NULL,
  `contact` varchar(100) NOT NULL,
  `gender` varchar(100) NOT NULL,
  `address` text NOT NULL,
  `email` varchar(200) NOT NULL
) ENGINE=InnoDB DEFAULT CHARSET=utf8mb4 COLLATE=utf8mb4_general_ci;

--
-- Dumping data for table `faculty`
--

INSERT INTO `faculty` (`id`, `id_no`, `firstname`, `middlename`, `lastname`, `contact`, `gender`, `address`, `email`) VALUES
(1, '177', 'Senthil ', 'S', 'Kumar', '+18456-5455-55', 'Male', 'Coimbatore', 'ssenthil@gmail.com'),
(2, '178', 'Radhika', 'N', 'radhika', '+12345687923', 'Female', 'Pollachi', 'radhika@sample.com');

-- --------------------------------------------------------

--
-- Table structure for table `member`
--

CREATE TABLE `member` (
  `member_id` int(11) NOT NULL,
  `member_last` varchar(30) NOT NULL,
  `member_first` varchar(30) NOT NULL,
  `member_rank` varchar(50) NOT NULL,
  `member_salut` varchar(30) NOT NULL,
  `dept_code` varchar(10) NOT NULL,
  `designation_id` int(11) NOT NULL,
  `program_code` varchar(10) NOT NULL,
  `username` varchar(30) NOT NULL,
  `password` varchar(50) NOT NULL,
  `status` varchar(10) NOT NULL
) ENGINE=MyISAM DEFAULT CHARSET=latin1 COLLATE=latin1_swedish_ci;

--
-- Dumping data for table `member`
--

INSERT INTO `member` (`member_id`, `member_last`, `member_first`, `member_rank`, `member_salut`, `dept_code`, `designation_id`, `program_code`, `username`, `password`, `status`) VALUES
(27, 'Admin', 'Admin', 'Assistant Professor I', 'Mrs', 'CIT', 5, '', 'admin', 'admin', 'admin'),
(177, 'Kumar', 'Senthil', 'Assistant Professor I', 'Dr', 'CSE', 66, '', 'senthils', 'kumar1', 'faculty'),
(178, 'radhika', 'Radhika', 'Assistant Professor I', 'Dr', 'CSE', 66, '', 'radhikan', 'radhika', 'faculty');

-- --------------------------------------------------------

--
-- Table structure for table `program`
--

CREATE TABLE `program` (
  `prog_id` int(11) NOT NULL,
  `prog_code` varchar(10) NOT NULL,
  `prog_title` varchar(50) NOT NULL
) ENGINE=MyISAM DEFAULT CHARSET=latin1 COLLATE=latin1_swedish_ci;

--
-- Dumping data for table `program`
--

INSERT INTO `program` (`prog_id`, `prog_code`, `prog_title`) VALUES
(6, 'BTECH', 'Bachelor of Technology'),
(13, 'MBA', 'Master of Business Administration'),
(14, 'MA', 'Master of Arts');

-- --------------------------------------------------------

--
-- Table structure for table `rank`
--

CREATE TABLE `rank` (
  `rank_id` int(11) NOT NULL,
  `rank` varchar(30) NOT NULL
) ENGINE=MyISAM DEFAULT CHARSET=latin1 COLLATE=latin1_swedish_ci;

--
-- Dumping data for table `rank`
--

INSERT INTO `rank` (`rank_id`, `rank`) VALUES
(1, 'Instructor I'),
(4, 'Instructor II'),
(6, 'Assistant Professor I'),
(5, 'Instructor III'),
(7, 'Assistant Professor II'),
(8, 'Assistant Professor III'),
(9, 'Assistant Professor IV'),
(10, 'Associate Professor I'),
(11, 'Associate Professor II'),
(12, 'Associate Professor III'),
(13, 'Associate Professor IV'),
(14, 'Professor I'),
(15, 'Professor II'),
(16, 'Professor III'),
(17, 'Professor IV'),
(18, 'College Professor '),
(19, 'University Professor ');

-- --------------------------------------------------------

--
-- Table structure for table `room`
--

CREATE TABLE `room` (
  `room_id` int(11) NOT NULL,
  `room` varchar(15) NOT NULL
) ENGINE=MyISAM DEFAULT CHARSET=latin1 COLLATE=latin1_swedish_ci;

--
-- Dumping data for table `room`
--

INSERT INTO `room` (`room_id`, `room`) VALUES
(1, '101'),
(2, '102'),
(3, '103');

-- --------------------------------------------------------

--
-- Table structure for table `salut`
--

CREATE TABLE `salut` (
  `salut_id` int(11) NOT NULL,
  `salut` varchar(10) NOT NULL
) ENGINE=MyISAM DEFAULT CHARSET=latin1 COLLATE=latin1_swedish_ci;

--
-- Dumping data for table `salut`
--

INSERT INTO `salut` (`salut_id`, `salut`) VALUES
(1, 'Ms'),
(2, 'Mrs'),
(3, 'Mr'),
(5, 'Dr'),
(6, 'Prof'),
(7, 'Engr');

-- --------------------------------------------------------

--
-- Table structure for table `schedule`
--

CREATE TABLE `schedule` (
  `sched_id` int(11) NOT NULL,
  `time_id` int(1) NOT NULL,
  `day` varchar(50) NOT NULL,
  `member_id` int(11) NOT NULL,
  `subject_code` varchar(50) NOT NULL,
  `cys` varchar(15) NOT NULL,
  `room` varchar(15) NOT NULL,
  `remarks` varchar(50) NOT NULL,
  `settings_id` int(11) NOT NULL,
  `encoded_by` varchar(10) NOT NULL
) ENGINE=MyISAM DEFAULT CHARSET=latin1 COLLATE=latin1_swedish_ci;

--
-- Dumping data for table `schedule`
--

INSERT INTO `schedule` (`sched_id`, `time_id`, `day`, `member_id`, `subject_code`, `cys`, `room`, `remarks`, `settings_id`, `encoded_by`) VALUES
(1, 4, 'm', 177, 'ALG', 'BTECH', '101', '', 12, '27'),
(2, 4, 'w', 177, 'ALG', 'BTECH', '101', '', 12, '27'),
(4, 7, 'm', 177, 'ALG', 'MBA', '102', '', 12, '27'),
(5, 7, 'w', 177, 'ALG', 'BTECH', '102', '', 12, '27'),
(6, 7, 'f', 177, 'ALG', 'MA', '103', '', 12, '27');

-- --------------------------------------------------------

--
-- Table structure for table `schedule_list`
--

CREATE TABLE `schedule_list` (
  `id` int(30) NOT NULL,
  `title` text NOT NULL,
  `description` text NOT NULL,
  `faculty_id` bigint(20) NOT NULL,
  `start_datetime` datetime NOT NULL,
  `end_datetime` datetime DEFAULT NULL
) ENGINE=InnoDB DEFAULT CHARSET=utf8mb4 COLLATE=utf8mb4_general_ci;

--
-- Dumping data for table `schedule_list`
--

INSERT INTO `schedule_list` (`id`, `title`, `description`, `faculty_id`, `start_datetime`, `end_datetime`) VALUES
(1, 'hii', 'hii', 177, '2023-06-10 04:43:00', '2023-06-24 04:43:00'),
(2, 'bro', 'bro', 17, '2023-06-09 04:43:00', '2023-06-09 04:47:00'),
(3, 'classe', 'sqwety', 178, '2023-06-01 13:50:00', '2023-06-02 12:50:00');

-- --------------------------------------------------------

--
-- Table structure for table `settings`
--

CREATE TABLE `settings` (
  `settings_id` int(11) NOT NULL,
  `term` varchar(10) NOT NULL,
  `sem` varchar(15) NOT NULL,
  `sy` varchar(10) NOT NULL,
  `status` varchar(10) NOT NULL
) ENGINE=MyISAM DEFAULT CHARSET=latin1 COLLATE=latin1_swedish_ci;

--
-- Dumping data for table `settings`
--

INSERT INTO `settings` (`settings_id`, `term`, `sem`, `sy`, `status`) VALUES
(12, 'Midterm', '1st', '2021-2022', 'active'),
(13, 'Endterm', '2nd', '2021-2022', 'inactive');

-- --------------------------------------------------------

--
-- Table structure for table `signatories`
--

CREATE TABLE `signatories` (
  `sign_id` int(11) NOT NULL,
  `member_id` int(11) NOT NULL,
  `seq` int(2) NOT NULL,
  `set_by` int(11) NOT NULL
) ENGINE=MyISAM DEFAULT CHARSET=latin1 COLLATE=latin1_swedish_ci;

-- --------------------------------------------------------

--
-- Table structure for table `subject`
--

CREATE TABLE `subject` (
  `subject_id` int(11) NOT NULL,
  `subject_code` varchar(15) NOT NULL,
  `subject_title` varchar(100) NOT NULL,
  `member_id` int(11) NOT NULL
) ENGINE=MyISAM DEFAULT CHARSET=latin1 COLLATE=latin1_swedish_ci;

--
-- Dumping data for table `subject`
--

INSERT INTO `subject` (`subject_id`, `subject_code`, `subject_title`, `member_id`) VALUES
(1, 'UID', 'User Interface Design', 27),
(2, 'ALG', 'Algebra', 27),
(3, 'SE', 'Software Engineering', 177),
(4, 'CS', 'Computer Security', 178);

-- --------------------------------------------------------

--
-- Table structure for table `sy`
--

CREATE TABLE `sy` (
  `sy_id` int(11) NOT NULL,
  `sy` varchar(10) NOT NULL
) ENGINE=MyISAM DEFAULT CHARSET=latin1 COLLATE=latin1_swedish_ci;

--
-- Dumping data for table `sy`
--

INSERT INTO `sy` (`sy_id`, `sy`) VALUES
(1, '2017-2018');

-- --------------------------------------------------------

--
-- Table structure for table `time`
--

CREATE TABLE `time` (
  `time_id` int(11) NOT NULL,
  `time_start` time NOT NULL,
  `time_end` time NOT NULL,
  `days` varchar(15) NOT NULL
) ENGINE=MyISAM DEFAULT CHARSET=latin1 COLLATE=latin1_swedish_ci;

--
-- Dumping data for table `time`
--

INSERT INTO `time` (`time_id`, `time_start`, `time_end`, `days`) VALUES
(4, '07:30:00', '08:30:00', 'mwf'),
(5, '08:30:00', '09:30:00', 'mwf'),
(6, '09:30:00', '10:30:00', 'mwf'),
(7, '10:30:00', '11:30:00', 'mwf'),
(8, '11:30:00', '12:30:00', 'mwf'),
(9, '12:30:00', '13:30:00', 'mwf'),
(10, '13:30:00', '14:30:00', 'mwf'),
(11, '14:30:00', '15:30:00', 'mwf'),
(12, '15:30:00', '16:30:00', 'mwf'),
(13, '16:30:00', '17:30:00', 'mwf'),
(14, '17:30:00', '18:30:00', 'mwf'),
(15, '18:30:00', '19:30:00', 'mwf'),
(18, '07:30:00', '09:00:00', 'tth'),
(19, '09:00:00', '10:30:00', 'tth'),
(20, '10:30:00', '12:00:00', 'tth'),
(21, '12:00:00', '13:30:00', 'tth'),
(22, '13:30:00', '15:00:00', 'tth'),
(23, '15:00:00', '16:30:00', 'tth'),
(24, '16:30:00', '18:00:00', 'tth'),
(25, '18:00:00', '19:30:00', 'tth'),
(37, '19:30:00', '20:30:00', 'mwf'),
(56, '15:00:00', '16:00:00', 'fst'),
(52, '10:00:00', '11:00:00', 'fst'),
(51, '09:00:00', '10:00:00', 'fst'),
(41, '08:00:00', '09:00:00', 'fst'),
(55, '14:00:00', '15:00:00', 'fst'),
(54, '13:00:00', '14:00:00', 'fst'),
(53, '11:00:00', '12:00:00', 'fst'),
(57, '16:00:00', '17:00:00', 'fst'),
(58, '17:00:00', '18:00:00', 'fst');

-- --------------------------------------------------------

--
-- Table structure for table `user`
--

CREATE TABLE `user` (
  `user_id` int(11) NOT NULL,
  `username` varchar(15) NOT NULL,
  `password` varchar(50) NOT NULL,
  `name` varchar(50) NOT NULL,
  `status` varchar(10) NOT NULL,
  `program` varchar(10) NOT NULL
) ENGINE=MyISAM DEFAULT CHARSET=latin1 COLLATE=latin1_swedish_ci;

--
-- Dumping data for table `user`
--

INSERT INTO `user` (`user_id`, `username`, `password`, `name`, `status`, `program`) VALUES
(1, 'admin', 'a1Bz20ydqelm8m1wql3fefa44509901fc42790757c7a77d3c9', 'Admin', 'active', 'all');

-- --------------------------------------------------------

--
-- Table structure for table `users`
--

CREATE TABLE `users` (
  `Username` varchar(20) NOT NULL,
  `Email` varchar(20) NOT NULL,
  `Password` varchar(20) NOT NULL
) ENGINE=InnoDB DEFAULT CHARSET=utf8mb4 COLLATE=utf8mb4_general_ci;

--
-- Dumping data for table `users`
--

INSERT INTO `users` (`Username`, `Email`, `Password`) VALUES
('jash', 'jash@gmail.com', 'jash');

--
-- Indexes for dumped tables
--

--
-- Indexes for table `cys`
--
ALTER TABLE `cys`
  ADD PRIMARY KEY (`cys_id`),
  ADD UNIQUE KEY `cys` (`cys`);

--
-- Indexes for table `dept`
--
ALTER TABLE `dept`
  ADD PRIMARY KEY (`dept_id`);

--
-- Indexes for table `designation`
--
ALTER TABLE `designation`
  ADD PRIMARY KEY (`designation_id`);

--
-- Indexes for table `exam_sched`
--
ALTER TABLE `exam_sched`
  ADD PRIMARY KEY (`sched_id`);

--
-- Indexes for table `faculty`
--
ALTER TABLE `faculty`
  ADD PRIMARY KEY (`id`);

--
-- Indexes for table `member`
--
ALTER TABLE `member`
  ADD PRIMARY KEY (`member_id`);

--
-- Indexes for table `program`
--
ALTER TABLE `program`
  ADD PRIMARY KEY (`prog_id`);

--
-- Indexes for table `rank`
--
ALTER TABLE `rank`
  ADD PRIMARY KEY (`rank_id`);

--
-- Indexes for table `room`
--
ALTER TABLE `room`
  ADD PRIMARY KEY (`room_id`);

--
-- Indexes for table `salut`
--
ALTER TABLE `salut`
  ADD PRIMARY KEY (`salut_id`);

--
-- Indexes for table `schedule`
--
ALTER TABLE `schedule`
  ADD PRIMARY KEY (`sched_id`);

--
-- Indexes for table `schedule_list`
--
ALTER TABLE `schedule_list`
  ADD PRIMARY KEY (`id`);

--
-- Indexes for table `settings`
--
ALTER TABLE `settings`
  ADD PRIMARY KEY (`settings_id`);

--
-- Indexes for table `signatories`
--
ALTER TABLE `signatories`
  ADD PRIMARY KEY (`sign_id`);

--
-- Indexes for table `subject`
--
ALTER TABLE `subject`
  ADD PRIMARY KEY (`subject_id`);

--
-- Indexes for table `sy`
--
ALTER TABLE `sy`
  ADD PRIMARY KEY (`sy_id`);

--
-- Indexes for table `time`
--
ALTER TABLE `time`
  ADD PRIMARY KEY (`time_id`);

--
-- Indexes for table `user`
--
ALTER TABLE `user`
  ADD PRIMARY KEY (`user_id`);

--
-- AUTO_INCREMENT for dumped tables
--

--
-- AUTO_INCREMENT for table `cys`
--
ALTER TABLE `cys`
  MODIFY `cys_id` int(11) NOT NULL AUTO_INCREMENT, AUTO_INCREMENT=4;

--
-- AUTO_INCREMENT for table `dept`
--
ALTER TABLE `dept`
  MODIFY `dept_id` int(11) NOT NULL AUTO_INCREMENT, AUTO_INCREMENT=9;

--
-- AUTO_INCREMENT for table `designation`
--
ALTER TABLE `designation`
  MODIFY `designation_id` int(11) NOT NULL AUTO_INCREMENT, AUTO_INCREMENT=68;

--
-- AUTO_INCREMENT for table `exam_sched`
--
ALTER TABLE `exam_sched`
  MODIFY `sched_id` int(11) NOT NULL AUTO_INCREMENT, AUTO_INCREMENT=10;

--
-- AUTO_INCREMENT for table `faculty`
--
ALTER TABLE `faculty`
  MODIFY `id` int(30) NOT NULL AUTO_INCREMENT, AUTO_INCREMENT=3;

--
-- AUTO_INCREMENT for table `member`
--
ALTER TABLE `member`
  MODIFY `member_id` int(11) NOT NULL AUTO_INCREMENT, AUTO_INCREMENT=179;

--
-- AUTO_INCREMENT for table `program`
--
ALTER TABLE `program`
  MODIFY `prog_id` int(11) NOT NULL AUTO_INCREMENT, AUTO_INCREMENT=15;

--
-- AUTO_INCREMENT for table `rank`
--
ALTER TABLE `rank`
  MODIFY `rank_id` int(11) NOT NULL AUTO_INCREMENT, AUTO_INCREMENT=23;

--
-- AUTO_INCREMENT for table `room`
--
ALTER TABLE `room`
  MODIFY `room_id` int(11) NOT NULL AUTO_INCREMENT, AUTO_INCREMENT=4;

--
-- AUTO_INCREMENT for table `salut`
--
ALTER TABLE `salut`
  MODIFY `salut_id` int(11) NOT NULL AUTO_INCREMENT, AUTO_INCREMENT=11;

--
-- AUTO_INCREMENT for table `schedule`
--
ALTER TABLE `schedule`
  MODIFY `sched_id` int(11) NOT NULL AUTO_INCREMENT, AUTO_INCREMENT=9;

--
-- AUTO_INCREMENT for table `schedule_list`
--
ALTER TABLE `schedule_list`
  MODIFY `id` int(30) NOT NULL AUTO_INCREMENT, AUTO_INCREMENT=4;

--
-- AUTO_INCREMENT for table `settings`
--
ALTER TABLE `settings`
  MODIFY `settings_id` int(11) NOT NULL AUTO_INCREMENT, AUTO_INCREMENT=14;

--
-- AUTO_INCREMENT for table `signatories`
--
ALTER TABLE `signatories`
  MODIFY `sign_id` int(11) NOT NULL AUTO_INCREMENT;

--
-- AUTO_INCREMENT for table `subject`
--
ALTER TABLE `subject`
  MODIFY `subject_id` int(11) NOT NULL AUTO_INCREMENT, AUTO_INCREMENT=5;

--
-- AUTO_INCREMENT for table `sy`
--
ALTER TABLE `sy`
  MODIFY `sy_id` int(11) NOT NULL AUTO_INCREMENT, AUTO_INCREMENT=7;

--
-- AUTO_INCREMENT for table `time`
--
ALTER TABLE `time`
  MODIFY `time_id` int(11) NOT NULL AUTO_INCREMENT, AUTO_INCREMENT=61;

--
-- AUTO_INCREMENT for table `user`
--
ALTER TABLE `user`
  MODIFY `user_id` int(11) NOT NULL AUTO_INCREMENT, AUTO_INCREMENT=6;
COMMIT;

/*!40101 SET CHARACTER_SET_CLIENT=@OLD_CHARACTER_SET_CLIENT */;
/*!40101 SET CHARACTER_SET_RESULTS=@OLD_CHARACTER_SET_RESULTS */;
/*!40101 SET COLLATION_CONNECTION=@OLD_COLLATION_CONNECTION */;
